title,author,assignees,number,url,state,closedAt,createdAt,updatedAt,labels
Add a field for host to post invite link to server,SinshiSmith,"{'gonzalovelasco', 'brianmazzocchi'}",1739,https://github.com/weiks/esports-backend/issues/1739,CLOSED,2022-07-05T19:46:03Z,2022-07-04T14:29:30Z,2022-07-05T19:46:03Z,{'enhancement'}
[Bug] 'Edit event' button not enabled for CREATED events,P3NGUIN1,{'mikiasyonas'},1463,https://github.com/weiks/esports-backend/issues/1463,OPEN,,2022-05-16T20:17:49Z,2022-07-05T18:56:39Z,"{'good for newcomers', 'bug', 'critical'}"
[Milestone] Intergate Challonge as a replacement for our brackets system,bmcilw1,set(),1148,https://github.com/weiks/esports-backend/issues/1148,OPEN,,2022-04-07T22:08:53Z,2022-07-05T17:42:38Z,{'enhancement'}
[Milestone] Swap War Legends (WLS) to Yunite for managing Fortnite Tournaments,bmcilw1,"{'Mathspy', 'alexangc'}",1061,https://github.com/weiks/esports-backend/issues/1061,OPEN,,2022-03-22T18:04:30Z,2022-07-05T16:58:09Z,{'enhancement'}
[Frontend] Add drop-down to select the Yunite tournament,Mathspy,{'CarlosViller'},1508,https://github.com/weiks/esports-backend/issues/1508,CLOSED,2022-07-05T16:57:22Z,2022-05-24T18:53:39Z,2022-07-05T16:57:22Z,set()
Clean up Heroku / Devop trail,bmcilw1,"{'Mathspy', 'alexangc'}",1045,https://github.com/weiks/esports-backend/issues/1045,OPEN,,2022-03-16T16:45:13Z,2022-07-05T13:17:14Z,set()
[Frontend] Update the submit function to send the new Yunite parameters,Mathspy,"{'brianmazzocchi', 'CarlosViller'}",1534,https://github.com/weiks/esports-backend/issues/1534,OPEN,,2022-05-30T17:25:55Z,2022-07-05T13:10:43Z,set()
Follow-up: frontend mock bug,alexangc,{'SinshiSmith'},1744,https://github.com/weiks/esports-backend/issues/1744,OPEN,,2022-07-05T11:41:44Z,2022-07-05T11:43:26Z,{'bug'}
[Bug] Normal event announcement can't be set anymore,alexangc,set(),1475,https://github.com/weiks/esports-backend/issues/1475,OPEN,,2022-05-19T09:32:04Z,2022-07-05T11:37:56Z,"{'bug', 'critical'}"
"[UX] Update the create event flow, update styling and features of brackets button",bmcilw1,set(),1384,https://github.com/weiks/esports-backend/issues/1384,OPEN,,2022-05-02T20:41:27Z,2022-07-05T11:13:38Z,{'enhancement'}
[Bug] CI failing on `ECONRESET` errors,alexangc,"{'Mathspy', 'alexangc'}",1733,https://github.com/weiks/esports-backend/issues/1733,OPEN,,2022-07-01T10:36:38Z,2022-07-05T10:59:34Z,{'bug'}
"[Frontend, Design] After a guild authorizes PoQ's Yunite app refresh the data",Mathspy,{'CarlosViller'},1504,https://github.com/weiks/esports-backend/issues/1504,CLOSED,2022-07-04T20:51:09Z,2022-05-24T16:33:42Z,2022-07-04T20:51:09Z,set()
[Frontend] Update Event Brackets tab to pull data from Challonge,bmcilw1,set(),1386,https://github.com/weiks/esports-backend/issues/1386,OPEN,,2022-05-02T21:21:19Z,2022-07-04T15:39:38Z,{'enhancement'}
"[Frontend] If an unauthorized server is selected show ""Authorize server with Yunite"" button",Mathspy,{'gonzalovelasco'},1503,https://github.com/weiks/esports-backend/issues/1503,CLOSED,2022-07-04T14:30:00Z,2022-05-24T16:24:21Z,2022-07-04T14:30:00Z,set()
[Bug] Unable to switch game modes in Fortnite events,alexangc,{'brianmazzocchi'},1716,https://github.com/weiks/esports-backend/issues/1716,CLOSED,2022-07-04T13:44:23Z,2022-06-28T13:17:25Z,2022-07-04T13:44:23Z,"{'bug', 'critical'}"
[Vesting-Site] Create flow to Save transaction details (ie transaction hash) and Claimed Amount For Investor Accounts,NirajBhattarai,"{'NirajBhattarai', 'bmcilw1'}",1694,https://github.com/weiks/esports-backend/issues/1694,OPEN,,2022-06-21T12:04:10Z,2022-07-04T11:36:40Z,{'enhancement'}
[Bug] Captain icon is shown in FFA events,alexangc,{'CarlosViller'},1721,https://github.com/weiks/esports-backend/issues/1721,CLOSED,2022-07-01T15:19:29Z,2022-06-29T09:34:05Z,2022-07-01T15:19:29Z,{'bug'}
[ Testing ] $MAGIC_NODE_ARGS problem when running e2e tests in Windows,brianmazzocchi,set(),1599,https://github.com/weiks/esports-backend/issues/1599,CLOSED,2022-07-01T12:05:41Z,2022-06-08T00:27:41Z,2022-07-01T12:05:41Z,"{'bug', 'cleanup'}"
Priorities and Milestones,bmcilw1,{'bmcilw1'},1358,https://github.com/weiks/esports-backend/issues/1358,OPEN,,2022-04-28T16:10:17Z,2022-06-30T21:52:44Z,set()
"[Backend] On /changeStatus to STARTED for Yunite events, join users to Yunite",Mathspy,{'alexangc'},1540,https://github.com/weiks/esports-backend/issues/1540,CLOSED,2022-06-30T13:55:42Z,2022-05-30T19:18:53Z,2022-06-30T13:55:42Z,set()
Create a single worker that can consume BullMQ tasks,Mathspy,{'Mathspy'},1714,https://github.com/weiks/esports-backend/issues/1714,CLOSED,2022-06-30T13:08:23Z,2022-06-27T16:11:20Z,2022-06-30T13:08:23Z,set()
[Backend] Check pre-flight check token in /join,Mathspy,{'alexangc'},1539,https://github.com/weiks/esports-backend/issues/1539,CLOSED,2022-06-29T19:57:27Z,2022-05-30T19:07:47Z,2022-06-29T19:57:27Z,set()
[Backend/Blockchain Milestone] Support Quarters on multiple blockchains simultaneously,bmcilw1,set(),1709,https://github.com/weiks/esports-backend/issues/1709,OPEN,,2022-06-24T19:08:37Z,2022-06-29T19:15:48Z,"{'cleanup', 'enhancement'}"
[Bug] Transcient issue faced by user trying to update their profile,alexangc,set(),1720,https://github.com/weiks/esports-backend/issues/1720,OPEN,,2022-06-29T09:32:29Z,2022-06-29T09:32:29Z,{'bug'}
the qbonus message should direct people to something useful,weiks,{'bmcilw1'},1718,https://github.com/weiks/esports-backend/issues/1718,OPEN,,2022-06-28T20:00:29Z,2022-06-29T07:51:49Z,{'enhancement'}
[Backend] Endpoint to verify a Yunite tournament can be connected to a PoQ event,Mathspy,{'gonzalovelasco'},1708,https://github.com/weiks/esports-backend/issues/1708,CLOSED,2022-06-28T17:15:11Z,2022-06-24T17:56:29Z,2022-06-28T17:15:11Z,set()
[Backend] Endpoint that runs through the checks for whether a user can join a Yunite-powered tournament or not,Mathspy,{'Mathspy'},1537,https://github.com/weiks/esports-backend/issues/1537,CLOSED,2022-06-27T17:15:05Z,2022-05-30T17:42:08Z,2022-06-27T17:15:05Z,set()
[Blocker] Queues research,Mathspy,"{'Mathspy', 'alexangc'}",1702,https://github.com/weiks/esports-backend/issues/1702,CLOSED,2022-06-27T16:12:15Z,2022-06-22T19:24:46Z,2022-06-27T16:12:16Z,"{'critical', 'spike'}"
[Bug] Unexpected checkout.com error,alexangc,{'alexangc'},1713,https://github.com/weiks/esports-backend/issues/1713,OPEN,,2022-06-27T08:21:08Z,2022-06-27T14:36:54Z,{'bug'}
[Frontend] Add drop-down to select a Discord server during event creation for Fortnite events,Mathspy,{'brianmazzocchi'},1502,https://github.com/weiks/esports-backend/issues/1502,CLOSED,2022-06-24T18:37:11Z,2022-05-24T16:18:13Z,2022-06-24T18:37:11Z,set()
[Cleanup/Frontend] Update libraries to the latest version,SinshiSmith,set(),1473,https://github.com/weiks/esports-backend/issues/1473,OPEN,,2022-05-19T02:17:31Z,2022-06-24T15:16:56Z,{'cleanup'}
[Bug] The homepage's Discord button doesn't work,alexangc,{'CarlosViller'},1706,https://github.com/weiks/esports-backend/issues/1706,CLOSED,2022-06-24T14:18:26Z,2022-06-24T10:26:35Z,2022-06-24T14:18:26Z,{'bug'}
[Spike] Investigate ways we can flag potential fraudulent Q2s purchases,bmcilw1,set(),1705,https://github.com/weiks/esports-backend/issues/1705,OPEN,,2022-06-23T21:08:42Z,2022-06-24T11:47:52Z,"{'help wanted', 'spike'}"
[Conversation request] Need help tracking changes in issues,alexangc,{'bmcilw1'},1041,https://github.com/weiks/esports-backend/issues/1041,OPEN,,2022-03-16T09:42:53Z,2022-06-24T11:13:52Z,{'help wanted'}
[Bug] Prize Store CPU spikes causing login errors,bmcilw1,set(),1561,https://github.com/weiks/esports-backend/issues/1561,OPEN,,2022-06-02T15:33:21Z,2022-06-24T09:55:11Z,{'bug'}
[Q2s] Add testnet dev and mainnet production deployments to netlify,bmcilw1,set(),1652,https://github.com/weiks/esports-backend/issues/1652,CLOSED,2022-06-23T21:37:58Z,2022-06-13T21:29:46Z,2022-06-23T21:37:58Z,{'cleanup'}
Firebase oAuth SDK for native games,weiks,{'bmcilw1'},1094,https://github.com/weiks/esports-backend/issues/1094,OPEN,,2022-03-28T20:20:38Z,2022-06-23T20:18:00Z,"{'help wanted', 'enhancement'}"
Add support for simple debugging,bmcilw1,set(),972,https://github.com/weiks/esports-backend/issues/972,CLOSED,2022-06-23T20:15:52Z,2022-02-17T17:39:41Z,2022-06-23T20:15:53Z,"{'help wanted', 'cleanup', 'enhancement'}"
Post Migration Tasks,SinshiSmith,set(),1225,https://github.com/weiks/esports-backend/issues/1225,CLOSED,2022-06-23T20:14:07Z,2022-04-19T22:52:35Z,2022-06-23T20:14:07Z,"{'help wanted', 'enhancement'}"
[Cleanup] Replace Firebase with one long-term database,bmcilw1,set(),929,https://github.com/weiks/esports-backend/issues/929,OPEN,,2022-02-07T15:21:03Z,2022-06-23T20:10:50Z,{'cleanup'}
[UX] Improve Prize Store,bmcilw1,{'weiks'},1356,https://github.com/weiks/esports-backend/issues/1356,OPEN,,2022-04-28T14:48:53Z,2022-06-23T20:10:49Z,{'cleanup'}
`/events/edit`: which fields should be editable & technical challenges ,SinshiSmith,{'SinshiSmith'},1067,https://github.com/weiks/esports-backend/issues/1067,OPEN,,2022-03-23T15:55:07Z,2022-06-23T20:10:49Z,{'help wanted'}
Create updated docs about Q2 tokenomics and Q2 <-> Quarters interactions,bmcilw1,"{'NirajBhattarai', 'weiks'}",1063,https://github.com/weiks/esports-backend/issues/1063,OPEN,,2022-03-22T19:24:35Z,2022-06-23T20:10:49Z,set()
[Backend] During `/changeStatus` FINISHED we can query Yunite leaderboard and dispatch internal /pickWinner call,Mathspy,{'gonzalovelasco'},1541,https://github.com/weiks/esports-backend/issues/1541,CLOSED,2022-06-23T16:33:07Z,2022-05-30T19:23:49Z,2022-06-23T16:33:08Z,set()
[Frontend] Display a checklist of steps necessary to join a Yunite powered event,Mathspy,{'SinshiSmith'},1538,https://github.com/weiks/esports-backend/issues/1538,OPEN,,2022-05-30T18:46:40Z,2022-06-23T13:54:18Z,set()
[Enhancement] Add support for buying Quarters via `checkout.com` from PayPal,bmcilw1,{'mikiasyonas'},1417,https://github.com/weiks/esports-backend/issues/1417,OPEN,,2022-05-09T18:08:43Z,2022-06-23T13:37:33Z,"{'good for newcomers', 'interview', 'enhancement'}"
[Backend] Add GET endpoint fetching the Yunite tournaments list for a Discord server,Mathspy,{'Mathspy'},1506,https://github.com/weiks/esports-backend/issues/1506,CLOSED,2022-06-22T19:30:44Z,2022-05-24T17:47:09Z,2022-06-22T19:30:44Z,set()
Resilient blockchain transactions,Mathspy,set(),1545,https://github.com/weiks/esports-backend/issues/1545,OPEN,,2022-05-31T20:47:15Z,2022-06-22T13:50:35Z,{'cleanup'}
[Cleanup] Update Playwright to 1.22,bmcilw1,{'bmcilw1'},1691,https://github.com/weiks/esports-backend/issues/1691,CLOSED,2022-06-21T20:38:44Z,2022-06-20T20:38:29Z,2022-06-21T20:38:44Z,{'cleanup'}
[Cleanup] Fix or delete skipped tests,bmcilw1,set(),1698,https://github.com/weiks/esports-backend/issues/1698,OPEN,,2022-06-21T20:29:26Z,2022-06-21T20:29:26Z,{'cleanup'}
[Cleanup] Migrate from jest-playwright to Playwright Test Runner,bmcilw1,set(),1693,https://github.com/weiks/esports-backend/issues/1693,OPEN,,2022-06-20T20:49:12Z,2022-06-20T21:27:00Z,{'cleanup'}
[Backend] Update model to save the guildId and Yunite tournament id,Mathspy,{'alexangc'},1535,https://github.com/weiks/esports-backend/issues/1535,CLOSED,2022-06-20T17:18:28Z,2022-05-30T17:28:00Z,2022-06-20T17:18:28Z,set()
[Backend] Endpoint to list a user's Discord servers and their Yunite connection,Mathspy,{'Mathspy'},1501,https://github.com/weiks/esports-backend/issues/1501,CLOSED,2022-06-20T15:08:27Z,2022-05-24T16:13:47Z,2022-06-20T15:08:27Z,set()
[Cleanup/Backend] A unified error handling strategy,Mathspy,set(),1673,https://github.com/weiks/esports-backend/issues/1673,OPEN,,2022-06-16T18:30:06Z,2022-06-20T14:40:27Z,{'cleanup'}
Our OAuth2 login integrations aren't completed,Mathspy,set(),1639,https://github.com/weiks/esports-backend/issues/1639,OPEN,,2022-06-10T20:33:22Z,2022-06-20T06:52:25Z,"{'help wanted', 'cleanup'}"
[Q2s] Let's display the address of the logged in wallet on stake.poq.gg,weiks,{'NirajBhattarai'},1644,https://github.com/weiks/esports-backend/issues/1644,CLOSED,2022-06-20T03:41:09Z,2022-06-13T14:41:12Z,2022-06-20T03:41:09Z,{'enhancement'}
"[Q2s] ""Disconnect"" button should disconnect you on staking.poq.gg",weiks,{'NirajBhattarai'},1643,https://github.com/weiks/esports-backend/issues/1643,CLOSED,2022-06-20T03:40:20Z,2022-06-13T14:28:42Z,2022-06-20T03:40:20Z,{'bug'}
Relocate our repo within a modern scaffold with monorepo tooling,bmcilw1,set(),1009,https://github.com/weiks/esports-backend/issues/1009,OPEN,,2022-03-03T17:32:55Z,2022-06-17T21:55:04Z,"{'good for newcomers', 'cleanup'}"
[Cleanup/Frontend] Remove sass,SinshiSmith,{'SinshiSmith'},1512,https://github.com/weiks/esports-backend/issues/1512,OPEN,,2022-05-25T16:38:55Z,2022-06-17T21:32:22Z,{'cleanup'}
[Cleanup] Swap from REST to GraphQL,bmcilw1,{'gonzalovelasco'},1146,https://github.com/weiks/esports-backend/issues/1146,OPEN,,2022-04-07T17:09:07Z,2022-06-17T21:28:24Z,"{'cleanup', 'enhancement'}"
An Outsider's Initial Thoughts on Codebase,bmcilw1,set(),915,https://github.com/weiks/esports-backend/issues/915,CLOSED,2022-06-17T21:26:01Z,2022-01-31T22:42:13Z,2022-06-17T21:26:01Z,"{'help wanted', 'cleanup'}"
"[Cleanup] Separate BLL, DAL, and routers",bmcilw1,set(),1686,https://github.com/weiks/esports-backend/issues/1686,OPEN,,2022-06-17T21:19:25Z,2022-06-17T21:24:34Z,{'cleanup'}
[Cleanup] Convert our JS files to TS with static typing,bmcilw1,set(),1685,https://github.com/weiks/esports-backend/issues/1685,OPEN,,2022-06-17T21:05:31Z,2022-06-17T21:05:36Z,{'cleanup'}
Migrate dev portal and remaining code into esports-backend monorepo,weiks,"{'weiks', 'bmcilw1'}",1201,https://github.com/weiks/esports-backend/issues/1201,CLOSED,2022-06-17T20:02:46Z,2022-04-17T13:26:31Z,2022-06-17T20:02:47Z,{'enhancement'}
[Backend] Update /host endpoint to accept optional yunite parameters,Mathspy,{'gonzalovelasco'},1536,https://github.com/weiks/esports-backend/issues/1536,CLOSED,2022-06-17T16:54:45Z,2022-05-30T17:33:57Z,2022-06-17T16:54:45Z,set()
Q2 - US cell number is whitelisting crypto address,gonzalovelasco,{'gonzalovelasco'},1675,https://github.com/weiks/esports-backend/issues/1675,CLOSED,2022-06-17T15:25:01Z,2022-06-16T20:12:49Z,2022-06-17T15:32:48Z,"{'bug', 'critical'}"
"[Bug] `/new` page: Clicking on the ""normal"" game mode makes the creation fail",alexangc,{'CarlosViller'},1680,https://github.com/weiks/esports-backend/issues/1680,CLOSED,2022-06-17T14:35:11Z,2022-06-17T12:56:00Z,2022-06-17T14:35:11Z,"{'bug', 'critical'}"
[Tooling] Make a Github Action to request more Klay on testnet once per day (or every few days as needed),weiks,{'mikiasyonas'},1619,https://github.com/weiks/esports-backend/issues/1619,CLOSED,2022-06-17T13:11:18Z,2022-06-08T20:44:38Z,2022-06-17T13:11:18Z,{'good for newcomers'}
[Bug] Symbolic placements cause event pages to break,alexangc,"{'gonzalovelasco', 'brianmazzocchi', 'CarlosViller'}",1667,https://github.com/weiks/esports-backend/issues/1667,CLOSED,2022-06-16T20:00:08Z,2022-06-16T08:00:27Z,2022-06-16T20:00:08Z,"{'bug', 'critical'}"
[Bug] Errors related to Quarters purchases,alexangc,set(),1669,https://github.com/weiks/esports-backend/issues/1669,OPEN,,2022-06-16T09:29:57Z,2022-06-16T16:05:21Z,{'bug'}
Investigate spike in billable usage on Dev Firebase instance,bmcilw1,set(),1553,https://github.com/weiks/esports-backend/issues/1553,OPEN,,2022-06-01T18:51:15Z,2022-06-16T09:40:24Z,"{'spike', 'cleanup'}"
[Bug] Firebase users with missing `/users` document still generating errors,alexangc,set(),1604,https://github.com/weiks/esports-backend/issues/1604,OPEN,,2022-06-08T10:19:57Z,2022-06-16T08:54:36Z,{'bug'}
[Bug] Checkout.com related errors in the logs,alexangc,set(),1653,https://github.com/weiks/esports-backend/issues/1653,CLOSED,2022-06-15T17:02:17Z,2022-06-14T07:28:48Z,2022-06-15T17:02:17Z,"{'bug', 'critical'}"
[Q2s] Checkout - Create new flow with Payment asynchronous redirect,gonzalovelasco,{'gonzalovelasco'},1616,https://github.com/weiks/esports-backend/issues/1616,CLOSED,2022-06-15T17:02:17Z,2022-06-08T17:40:50Z,2022-06-15T17:02:17Z,"{'bug', 'critical'}"
Compensate people affected by rewards being ordered by teamId,Mathspy,{'alexangc'},1662,https://github.com/weiks/esports-backend/issues/1662,CLOSED,2022-06-15T15:56:09Z,2022-06-14T20:57:50Z,2022-06-15T15:56:09Z,"{'bug', 'critical'}"
[Bug] Investigate possible qBonus exploit,alexangc,{'Mathspy'},1640,https://github.com/weiks/esports-backend/issues/1640,CLOSED,2022-06-15T14:10:29Z,2022-06-13T13:12:49Z,2022-06-15T14:10:29Z,"{'bug', 'critical'}"
[Bug] Allow hosts to decrease allocated quarters in the edit window,CarlosViller,{'CarlosViller'},1637,https://github.com/weiks/esports-backend/issues/1637,CLOSED,2022-06-14T15:34:02Z,2022-06-10T18:43:38Z,2022-06-15T12:36:30Z,"{'bug', 'critical'}"
[Bug] `vipUpgrade` related errors in the logs,alexangc,set(),1654,https://github.com/weiks/esports-backend/issues/1654,OPEN,,2022-06-14T07:31:44Z,2022-06-15T08:14:02Z,{'bug'}
"[Q2s] On the purchase confirmation page, add a link to the new vault page for True Believer/Diamond hands purchases",weiks,{'CarlosViller'},1626,https://github.com/weiks/esports-backend/issues/1626,CLOSED,2022-06-14T20:28:47Z,2022-06-09T15:51:05Z,2022-06-14T20:28:47Z,{'enhancement'}
[Q2s] Rebrand invest to q2s in invest.poq.gg page,bmcilw1,{'brianmazzocchi'},1581,https://github.com/weiks/esports-backend/issues/1581,CLOSED,2022-06-14T18:26:14Z,2022-06-06T20:35:30Z,2022-06-14T18:26:56Z,{'enhancement'}
[Q2s] Delete the popup in the payment flow and implement a full-width alternative,CarlosViller,set(),1657,https://github.com/weiks/esports-backend/issues/1657,OPEN,,2022-06-14T16:23:14Z,2022-06-14T16:27:30Z,{'enhancement'}
[Q2s] Checkout - add sofdecline flow for payment,gonzalovelasco,set(),1647,https://github.com/weiks/esports-backend/issues/1647,OPEN,,2022-06-13T18:39:41Z,2022-06-14T14:18:34Z,{'enhancement'}
[Q2s] Enhancements to Staking site,weiks,set(),1623,https://github.com/weiks/esports-backend/issues/1623,OPEN,,2022-06-09T13:07:35Z,2022-06-14T14:16:13Z,{'enhancement'}
[Q2s] Create flow for people to buy Q2 with stable coins,weiks,{'NirajBhattarai'},1613,https://github.com/weiks/esports-backend/issues/1613,OPEN,,2022-06-08T13:55:28Z,2022-06-14T14:15:41Z,{'enhancement'}
qBonus fails unexpectedly - unable to connect discord,Mathspy,{'Mathspy'},1576,https://github.com/weiks/esports-backend/issues/1576,CLOSED,2022-06-14T13:35:18Z,2022-06-06T13:20:04Z,2022-06-14T13:35:18Z,"{'bug', 'critical'}"
"Add a post-install step in Heroku deploys, ensuring all env variables exist",alexangc,set(),1655,https://github.com/weiks/esports-backend/issues/1655,OPEN,,2022-06-14T07:52:10Z,2022-06-14T07:52:10Z,{'enhancement'}
[Bug] Spam on the endpoint `/api/v1/wallets/@me`,alexangc,set(),1389,https://github.com/weiks/esports-backend/issues/1389,OPEN,,2022-05-03T08:07:12Z,2022-06-14T07:15:16Z,{'bug'}
[Bug] qBot crashes randomly,alexangc,{'alexangc'},1592,https://github.com/weiks/esports-backend/issues/1592,CLOSED,2022-06-13T19:32:20Z,2022-06-07T12:52:21Z,2022-06-13T19:32:21Z,"{'bug', 'critical'}"
[Bug] Connect to Twitch fails,alexangc,set(),1476,https://github.com/weiks/esports-backend/issues/1476,CLOSED,2022-06-13T19:20:16Z,2022-05-19T09:33:32Z,2022-06-13T19:20:16Z,{'bug'}
Audit the signup and email verification sending process,alexangc,"{'Mathspy', 'alexangc'}",1050,https://github.com/weiks/esports-backend/issues/1050,OPEN,,2022-03-17T13:56:10Z,2022-06-13T13:33:24Z,{'bug'}
[Bug] Unexpected error while joining to guild,alexangc,set(),1596,https://github.com/weiks/esports-backend/issues/1596,OPEN,,2022-06-07T13:45:32Z,2022-06-13T12:47:53Z,{'bug'}
[Bug] Error in requests to `discord.com/api/oauth2/token`,alexangc,set(),1602,https://github.com/weiks/esports-backend/issues/1602,OPEN,,2022-06-08T10:08:13Z,2022-06-13T12:47:46Z,{'bug'}
[Bug] Error in requests to `/api/v1/auth/google`,alexangc,set(),1603,https://github.com/weiks/esports-backend/issues/1603,OPEN,,2022-06-08T10:13:17Z,2022-06-13T12:47:40Z,{'bug'}
[Bug] Errors in `/api/v1/auth/facebook`,alexangc,set(),1610,https://github.com/weiks/esports-backend/issues/1610,OPEN,,2022-06-08T13:14:40Z,2022-06-13T12:47:34Z,{'bug'}
[Bug] My qBot fails to connect to my Discord server due to email mismatch,bmcilw1,{'alexangc'},927,https://github.com/weiks/esports-backend/issues/927,OPEN,,2022-02-04T20:04:29Z,2022-06-13T12:47:28Z,{'bug'}
[Bug] Lots of Discord related errors in the logs,alexangc,set(),989,https://github.com/weiks/esports-backend/issues/989,OPEN,,2022-02-24T10:41:23Z,2022-06-13T12:47:15Z,{'bug'}
OAuth2 doesn't properly redirect if the user uses third party sign-ins or signs up,Mathspy,{'Mathspy'},1039,https://github.com/weiks/esports-backend/issues/1039,OPEN,,2022-03-15T18:55:12Z,2022-06-13T12:46:55Z,{'bug'}
[Bug] Error related to the email verification re-sending,alexangc,set(),1044,https://github.com/weiks/esports-backend/issues/1044,OPEN,,2022-03-16T11:09:59Z,2022-06-13T12:46:46Z,{'bug'}
[Bug] Error related to verification emails resend requests in the logs,alexangc,set(),1275,https://github.com/weiks/esports-backend/issues/1275,OPEN,,2022-04-25T09:38:45Z,2022-06-13T12:46:29Z,{'bug'}
[Bug] The `activities.write` scope isn't requested anymore,alexangc,set(),1445,https://github.com/weiks/esports-backend/issues/1445,OPEN,,2022-05-12T09:12:26Z,2022-06-13T12:46:24Z,"{'good for newcomers', 'bug'}"
[Bug] Login with Facebook fails for email verification status although Facebook email is verified,alexangc,set(),1446,https://github.com/weiks/esports-backend/issues/1446,OPEN,,2022-05-12T09:17:15Z,2022-06-13T12:46:17Z,{'bug'}
'Continue with Email' appearing in wrong place when making a new account,P3NGUIN1,set(),1589,https://github.com/weiks/esports-backend/issues/1589,OPEN,,2022-06-06T21:43:18Z,2022-06-13T12:45:57Z,{'bug'}
[UX] Move pick winner payout details to the Create Tournament and Edit Tournament pages,bmcilw1,"{'brianmazzocchi', 'SinshiSmith', 'alexangc', 'Mathspy', 'paulofer85', 'CarlosViller'}",1434,https://github.com/weiks/esports-backend/issues/1434,CLOSED,2022-06-09T18:35:45Z,2022-05-10T22:05:12Z,2022-06-13T12:36:18Z,{'enhancement'}
[Q2][Backend] Change the sms validation message text,gonzalovelasco,{'brianmazzocchi'},1597,https://github.com/weiks/esports-backend/issues/1597,CLOSED,2022-06-10T18:31:54Z,2022-06-07T19:09:22Z,2022-06-10T18:31:54Z,{'enhancement'}
[Q2s] Insufficient BSC to handle the transaction costs for the gas fee,weiks,{'NirajBhattarai'},1625,https://github.com/weiks/esports-backend/issues/1625,CLOSED,2022-06-10T15:53:22Z,2022-06-09T15:46:40Z,2022-06-10T15:53:22Z,{'enhancement'}
[Q2s] Launch stake.poq.gg,weiks,"{'NirajBhattarai', 'bmcilw1'}",1622,https://github.com/weiks/esports-backend/issues/1622,CLOSED,2022-06-10T14:46:39Z,2022-06-09T12:23:01Z,2022-06-10T14:46:39Z,{'enhancement'}
[Q2] reduce  Diamond Hands to $5000 and Q2s awards by half,gonzalovelasco,set(),1629,https://github.com/weiks/esports-backend/issues/1629,CLOSED,2022-06-10T14:17:34Z,2022-06-09T20:07:27Z,2022-06-10T14:17:34Z,{'bug'}
"[Frontend] EventCard ""all regions"" and ""all platforms"" tags",SinshiSmith,{'brianmazzocchi'},1522,https://github.com/weiks/esports-backend/issues/1522,CLOSED,2022-06-10T14:04:08Z,2022-05-27T13:59:06Z,2022-06-10T14:04:08Z,{'bug'}
[UI/UX] Optimize the Q2 purchase flow to be as simple as possible,bmcilw1,set(),1630,https://github.com/weiks/esports-backend/issues/1630,OPEN,,2022-06-09T20:39:43Z,2022-06-09T21:09:28Z,"{'design', 'good for newcomers'}"
PC Options Update - 'Create a Tournament',P3NGUIN1,{'brianmazzocchi'},1401,https://github.com/weiks/esports-backend/issues/1401,OPEN,,2022-05-04T23:33:00Z,2022-06-09T18:40:23Z,"{'good for newcomers', 'enhancement'}"
Finish pending task from Q2s page,gonzalovelasco,{'gonzalovelasco'},1511,https://github.com/weiks/esports-backend/issues/1511,CLOSED,2022-06-09T15:47:42Z,2022-05-25T14:50:00Z,2022-06-09T16:15:15Z,{'enhancement'}
Q2 follow up,weiks,"{'gonzalovelasco', 'NirajBhattarai'}",1594,https://github.com/weiks/esports-backend/issues/1594,CLOSED,2022-06-09T15:51:25Z,2022-06-07T12:53:50Z,2022-06-09T15:51:26Z,{'enhancement'}
[Bug] Q2 Checkout - Error update firestore,gonzalovelasco,set(),1612,https://github.com/weiks/esports-backend/issues/1612,CLOSED,2022-06-09T15:01:16Z,2022-06-08T13:35:20Z,2022-06-09T15:01:16Z,{'bug'}
[Cleanup] Create an event that runs test:blockchain manually once per day,bmcilw1,{'mikiasyonas'},1451,https://github.com/weiks/esports-backend/issues/1451,CLOSED,2022-06-08T20:47:56Z,2022-05-12T16:45:41Z,2022-06-08T20:47:56Z,"{'good for newcomers', 'cleanup', 'interview'}"
[Unity SDK] Add Unity-supplied VSPA Attribution,bmcilw1,"{'paulofer85', 'unitydevelopers-greg'}",1614,https://github.com/weiks/esports-backend/issues/1614,CLOSED,2022-06-08T17:31:18Z,2022-06-08T14:00:03Z,2022-06-08T17:31:18Z,{'enhancement'}
[Bug] Client sent a valid refresh_token but it wasn't issued for them,alexangc,set(),1608,https://github.com/weiks/esports-backend/issues/1608,CLOSED,2022-06-08T14:34:00Z,2022-06-08T13:07:32Z,2022-06-08T14:41:32Z,{'bug'}
[Bug] UnitySDK logs out of the wrong context,bmcilw1,"{'unitydevelopers-greg', 'weiks'}",1458,https://github.com/weiks/esports-backend/issues/1458,CLOSED,2022-06-08T13:46:08Z,2022-05-13T19:20:41Z,2022-06-08T13:46:09Z,{'bug'}
"[Bug] ""Too many requests"" errors when trying to log with Discord",alexangc,set(),1443,https://github.com/weiks/esports-backend/issues/1443,CLOSED,2022-06-08T13:38:27Z,2022-05-12T08:50:12Z,2022-06-08T13:38:27Z,{'bug'}
[Bug] Unhandled syntax error in player search query,alexangc,{'Mathspy'},1609,https://github.com/weiks/esports-backend/issues/1609,CLOSED,2022-06-08T13:38:26Z,2022-06-08T13:11:28Z,2022-06-08T13:38:26Z,{'bug'}
Unable to search part of a name using the search bar ,P3NGUIN1,set(),1586,https://github.com/weiks/esports-backend/issues/1586,OPEN,,2022-06-06T21:37:09Z,2022-06-08T13:30:29Z,{'enhancement'}
[Bug] Error in discord.com/api/oauth2/token request,alexangc,set(),1601,https://github.com/weiks/esports-backend/issues/1601,CLOSED,2022-06-08T10:40:02Z,2022-06-08T09:54:03Z,2022-06-08T10:40:03Z,{'bug'}
[Bug] Couldn't make an app icon public,alexangc,set(),1606,https://github.com/weiks/esports-backend/issues/1606,OPEN,,2022-06-08T10:37:46Z,2022-06-08T10:37:46Z,{'bug'}
[Bug] The VIP upgrade endpoint seems to receive duplicate queries,alexangc,set(),1605,https://github.com/weiks/esports-backend/issues/1605,OPEN,,2022-06-08T10:30:50Z,2022-06-08T10:30:50Z,{'bug'}
[Bug] People cannot link their Twitch account from the Dashboard,alexangc,set(),1593,https://github.com/weiks/esports-backend/issues/1593,CLOSED,2022-06-08T09:57:09Z,2022-06-07T12:53:26Z,2022-06-08T09:57:10Z,"{'bug', 'critical'}"
Redirect www.pocketfulofquarters.com to invest.poq.gg,weiks,{'Mathspy'},1392,https://github.com/weiks/esports-backend/issues/1392,CLOSED,2022-06-07T20:02:49Z,2022-05-03T17:35:24Z,2022-06-07T20:03:26Z,"{'cleanup', 'blocked-on-3rd-party'}"
"[Bug] Failing to award users their ""Q2 Vesting""",alexangc,{'gonzalovelasco'},1591,https://github.com/weiks/esports-backend/issues/1591,CLOSED,2022-06-07T17:25:26Z,2022-06-07T12:49:24Z,2022-06-07T17:25:26Z,"{'bug', 'critical'}"
[Bug] Undefined value when trying to save document in `/orders`,alexangc,{'gonzalovelasco'},1590,https://github.com/weiks/esports-backend/issues/1590,CLOSED,2022-06-07T13:09:28Z,2022-06-07T12:41:45Z,2022-06-07T13:09:28Z,"{'bug', 'critical'}"
Search bar displaying wrong text for team tournaments,P3NGUIN1,set(),1588,https://github.com/weiks/esports-backend/issues/1588,OPEN,,2022-06-06T21:39:51Z,2022-06-06T21:39:51Z,{'bug'}
Alphabetical Participant listing needed on non team tournaments,P3NGUIN1,set(),1585,https://github.com/weiks/esports-backend/issues/1585,OPEN,,2022-06-06T21:33:08Z,2022-06-06T21:33:08Z,{'bug'}
Add Game Search Bar - Create Page,P3NGUIN1,set(),1584,https://github.com/weiks/esports-backend/issues/1584,OPEN,,2022-06-06T21:28:35Z,2022-06-06T21:29:15Z,{'enhancement'}
Adding Vesting Contract for True Believer and Diamonds Hand,NirajBhattarai,"{'gonzalovelasco', 'NirajBhattarai'}",1560,https://github.com/weiks/esports-backend/issues/1560,CLOSED,2022-06-06T20:00:48Z,2022-06-02T14:49:54Z,2022-06-06T20:00:48Z,{'enhancement'}
[Frontend] Sub #1512 - Refactor Dashboard Page,SinshiSmith,{'SinshiSmith'},1543,https://github.com/weiks/esports-backend/issues/1543,OPEN,,2022-05-31T15:39:12Z,2022-06-03T16:34:07Z,{'cleanup'}
'Invite a Friend'&'Watch on Stream' Located in wrong place,P3NGUIN1,"{'brianmazzocchi', 'CarlosViller'}",1432,https://github.com/weiks/esports-backend/issues/1432,CLOSED,2022-06-03T16:33:08Z,2022-05-10T21:29:28Z,2022-06-03T16:33:08Z,"{'good for newcomers', 'bug'}"
[UX/UI][Frontend] Re-design event page,SinshiSmith,set(),1566,https://github.com/weiks/esports-backend/issues/1566,OPEN,,2022-06-03T14:21:56Z,2022-06-03T14:22:49Z,"{'cleanup', 'enhancement'}"
Find and fix all the incorrect translations in spanish version,brianmazzocchi,{'brianmazzocchi'},1497,https://github.com/weiks/esports-backend/issues/1497,CLOSED,2022-06-02T17:46:43Z,2022-05-23T23:33:57Z,2022-06-02T17:46:43Z,{'bug'}
"Modify ""Buy it"" option for Q2 sale",weiks,"{'gonzalovelasco', 'Mathspy', 'NirajBhattarai'}",1521,https://github.com/weiks/esports-backend/issues/1521,CLOSED,2022-05-27T15:20:23Z,2022-05-27T13:49:54Z,2022-05-27T15:20:24Z,{'enhancement'}
[Frontend] Remove mobile app popup,SinshiSmith,{'SinshiSmith'},1523,https://github.com/weiks/esports-backend/issues/1523,CLOSED,2022-05-27T14:31:00Z,2022-05-27T14:04:38Z,2022-05-27T14:31:00Z,"{'bug', 'enhancement'}"
[Legal] Update Private Policy with new changes,bmcilw1,{'brianmazzocchi'},1496,https://github.com/weiks/esports-backend/issues/1496,CLOSED,2022-05-27T13:45:58Z,2022-05-23T19:17:19Z,2022-05-27T13:45:58Z,{'enhancement'}
Unity SDK - Friction Point - Developer perform complex setup and hosting of universal linking files,unitydevelopers-greg,"{'Mathspy', 'SinshiSmith', 'alexangc'}",1299,https://github.com/weiks/esports-backend/issues/1299,CLOSED,2022-05-27T13:45:38Z,2022-04-26T15:10:47Z,2022-05-27T13:45:38Z,{'enhancement'}
[UX] Regions Selection - add 'All Regions',P3NGUIN1,{'brianmazzocchi'},1399,https://github.com/weiks/esports-backend/issues/1399,CLOSED,2022-05-26T20:41:37Z,2022-05-04T21:27:12Z,2022-05-26T20:41:37Z,"{'good for newcomers', 'enhancement'}"
[Enhancement] Create separate app to purchase Q2s via `checkout.com`,bmcilw1,"{'gonzalovelasco', 'NirajBhattarai'}",1383,https://github.com/weiks/esports-backend/issues/1383,CLOSED,2022-05-25T13:00:12Z,2022-05-02T19:59:12Z,2022-05-25T13:00:12Z,{'enhancement'}
Update Purchase Confirmation Email,data-factotum,{'brianmazzocchi'},1464,https://github.com/weiks/esports-backend/issues/1464,OPEN,,2022-05-16T21:23:04Z,2022-05-24T20:59:27Z,"{'good for newcomers', 'enhancement'}"
"[Bug] e2e crash due to reaching a 2000MB heap size limit, in CI",alexangc,{'alexangc'},1498,https://github.com/weiks/esports-backend/issues/1498,CLOSED,2022-05-24T16:58:03Z,2022-05-24T12:11:02Z,2022-05-24T16:58:04Z,{'bug'}
Add Back Navigation to Quarters Checkout,data-factotum,{'SinshiSmith'},1465,https://github.com/weiks/esports-backend/issues/1465,CLOSED,2022-05-23T20:16:42Z,2022-05-16T21:29:36Z,2022-05-23T20:16:42Z,"{'good for newcomers', 'enhancement'}"
[Bug] Error returned during player search,alexangc,set(),1491,https://github.com/weiks/esports-backend/issues/1491,CLOSED,2022-05-23T19:20:24Z,2022-05-23T17:10:15Z,2022-05-23T19:20:24Z,{'bug'}
[Full-stack] Admin-dashboard,SinshiSmith,set(),1486,https://github.com/weiks/esports-backend/issues/1486,OPEN,,2022-05-22T17:34:17Z,2022-05-22T17:52:59Z,{'enhancement'}
[Full-stack] Better handling of games.js ,SinshiSmith,set(),1487,https://github.com/weiks/esports-backend/issues/1487,OPEN,,2022-05-22T17:50:57Z,2022-05-22T17:51:34Z,{'enhancement'}
[Full-Stack] In-App Notifications,SinshiSmith,set(),1485,https://github.com/weiks/esports-backend/issues/1485,OPEN,,2022-05-22T17:21:44Z,2022-05-22T17:21:44Z,{'enhancement'}
[Full-stack] Open up the website for visitors,SinshiSmith,set(),1484,https://github.com/weiks/esports-backend/issues/1484,OPEN,,2022-05-22T17:14:40Z,2022-05-22T17:14:40Z,{'enhancement'}
[Bug] Sanitize app data in old database,alexangc,{'alexangc'},1447,https://github.com/weiks/esports-backend/issues/1447,CLOSED,2022-05-21T09:48:10Z,2022-05-12T10:42:45Z,2022-05-21T09:48:11Z,{'bug'}
Domain association links are not working on Android,unitydevelopers-greg,{'unitydevelopers-greg'},1435,https://github.com/weiks/esports-backend/issues/1435,CLOSED,2022-05-20T16:31:04Z,2022-05-11T15:23:54Z,2022-05-20T16:31:04Z,set()
[Bug] Remove All Past Participated Tournaments from `/profile`,bmcilw1,"{'codymcline', 'BRoerish'}",1427,https://github.com/weiks/esports-backend/issues/1427,OPEN,,2022-05-10T20:51:12Z,2022-05-20T16:13:01Z,"{'good for newcomers', 'bug'}"
[Cleanup] Remove all console chatter and errors when launching the project,bmcilw1,{'brianmazzocchi'},1416,https://github.com/weiks/esports-backend/issues/1416,CLOSED,2022-05-20T15:48:40Z,2022-05-09T18:07:10Z,2022-05-20T15:48:40Z,"{'good for newcomers', 'cleanup', 'interview'}"
Restrict create event on dates that already passed,CarlosViller,set(),1318,https://github.com/weiks/esports-backend/issues/1318,OPEN,,2022-04-27T12:57:49Z,2022-05-19T02:29:21Z,"{'bug', 'enhancement'}"
[Frontend] Improved SEO and optimizations,SinshiSmith,set(),1474,https://github.com/weiks/esports-backend/issues/1474,OPEN,,2022-05-19T02:25:31Z,2022-05-19T02:25:31Z,{'enhancement'}
"[UX] In create event flow, remove players-per-team",bmcilw1,{'CarlosViller'},1398,https://github.com/weiks/esports-backend/issues/1398,OPEN,,2022-05-04T21:19:31Z,2022-05-19T00:27:13Z,{'enhancement'}
Turn these Ouath API ideas into separate issues in github,weiks,set(),1470,https://github.com/weiks/esports-backend/issues/1470,OPEN,,2022-05-18T21:06:10Z,2022-05-18T21:06:31Z,set()
[UX] Address issues in the login flow for mobile via the UnitySDK,bmcilw1,set(),1462,https://github.com/weiks/esports-backend/issues/1462,OPEN,,2022-05-16T18:40:33Z,2022-05-18T14:12:18Z,"{'bug', 'cleanup'}"
[Bug] UnitySDK login UI does not use a full browser,bmcilw1,"{'unitydevelopers-greg', 'weiks'}",1457,https://github.com/weiks/esports-backend/issues/1457,CLOSED,2022-05-18T14:11:42Z,2022-05-13T19:17:08Z,2022-05-18T14:11:42Z,{'bug'}
"[Backend] After tournament is ended, load results back into POQ",bmcilw1,set(),1433,https://github.com/weiks/esports-backend/issues/1433,OPEN,,2022-05-10T21:48:47Z,2022-05-16T20:57:55Z,{'enhancement'}
'Switch New Team' difficult due to complete,P3NGUIN1,set(),1431,https://github.com/weiks/esports-backend/issues/1431,OPEN,,2022-05-10T21:17:37Z,2022-05-16T14:16:05Z,"{'good for newcomers', 'cleanup'}"
[Cleanup] Remove all code for Terminal3,bmcilw1,{'Mathspy'},1452,https://github.com/weiks/esports-backend/issues/1452,OPEN,,2022-05-12T19:15:23Z,2022-05-13T19:08:37Z,{'cleanup'}
Slow loading of the home page and profiles,alexangc,{'alexangc'},1374,https://github.com/weiks/esports-backend/issues/1374,OPEN,,2022-05-02T13:16:43Z,2022-05-13T16:54:57Z,{'enhancement'}
"[Bug] The unregistered home page shows ""0 tournaments in 0 games""",alexangc,{'Mathspy'},1442,https://github.com/weiks/esports-backend/issues/1442,CLOSED,2022-05-13T13:05:51Z,2022-05-12T08:43:52Z,2022-05-13T13:05:51Z,{'bug'}
[Bug] `startEventRichPresence` calls Discord's API too fast,alexangc,set(),1444,https://github.com/weiks/esports-backend/issues/1444,OPEN,,2022-05-12T09:05:21Z,2022-05-13T09:20:22Z,{'bug'}
'Cancel Tournament' Host Permission Removed,P3NGUIN1,set(),1429,https://github.com/weiks/esports-backend/issues/1429,OPEN,,2022-05-10T21:05:14Z,2022-05-13T09:09:40Z,"{'good for newcomers', 'interview', 'enhancement'}"
[Dev Tooling] Add a working debug specification and check into the repo,bmcilw1,set(),1412,https://github.com/weiks/esports-backend/issues/1412,OPEN,,2022-05-06T20:33:06Z,2022-05-13T09:06:54Z,"{'good for newcomers', 'cleanup'}"
Unity SDK - successful purchase to return parameters within redirect,unitydevelopers-greg,{'paulofer85'},1300,https://github.com/weiks/esports-backend/issues/1300,CLOSED,2022-05-12T20:44:50Z,2022-04-26T15:13:25Z,2022-05-12T20:44:50Z,{'enhancement'}
Implement Config Management,bmcilw1,set(),985,https://github.com/weiks/esports-backend/issues/985,OPEN,,2022-02-22T19:57:17Z,2022-05-12T19:17:52Z,"{'good for newcomers', 'cleanup'}"
Host profile's event counter is super slow,alexangc,set(),1421,https://github.com/weiks/esports-backend/issues/1421,OPEN,,2022-05-10T14:24:41Z,2022-05-12T19:05:12Z,"{'good for newcomers', 'bug', 'interview', 'enhancement'}"
Unity SDK - Friction point - do not ask user to enter the zip code and region during purchase,unitydevelopers-greg,"{'gonzalovelasco', 'CarlosViller'}",1298,https://github.com/weiks/esports-backend/issues/1298,CLOSED,2022-05-12T14:14:34Z,2022-04-26T15:04:52Z,2022-05-12T14:14:34Z,{'enhancement'}
Max Teams Bug on 'Create Tournament',P3NGUIN1,{'alexangc'},1400,https://github.com/weiks/esports-backend/issues/1400,OPEN,,2022-05-04T23:25:38Z,2022-05-12T09:14:04Z,{'bug'}
[Host request] Utility to re-open tournaments,alexangc,set(),1422,https://github.com/weiks/esports-backend/issues/1422,OPEN,,2022-05-10T14:29:22Z,2022-05-12T08:41:18Z,{'enhancement'}
[Backend] Populate Challonge Brackets on Start Event,bmcilw1,set(),1430,https://github.com/weiks/esports-backend/issues/1430,OPEN,,2022-05-10T21:09:28Z,2022-05-10T21:39:30Z,{'enhancement'}
"[Backend, UX] Connect a host's POQ account to their Challonge account",bmcilw1,set(),1387,https://github.com/weiks/esports-backend/issues/1387,OPEN,,2022-05-02T21:26:21Z,2022-05-10T20:34:07Z,{'enhancement'}
Sandbox - redirect url is not fired after sucesfull purchase ,unitydevelopers-greg,{'bmcilw1'},1423,https://github.com/weiks/esports-backend/issues/1423,CLOSED,2022-05-10T15:51:16Z,2022-05-10T15:32:55Z,2022-05-10T15:51:16Z,set()
Sandbox test purchases not working,unitydevelopers-greg,{'alexangc'},1414,https://github.com/weiks/esports-backend/issues/1414,CLOSED,2022-05-10T13:26:21Z,2022-05-07T07:04:59Z,2022-05-10T13:26:21Z,{'bug'}
[Bug] Fix the host name display in the transactions history page,alexangc,{'alexangc'},1415,https://github.com/weiks/esports-backend/issues/1415,CLOSED,2022-05-10T13:21:41Z,2022-05-09T13:09:27Z,2022-05-10T13:21:41Z,{'bug'}
Add paypal as a payment method with Checkout.com,weiks,{'bmcilw1'},1418,https://github.com/weiks/esports-backend/issues/1418,CLOSED,2022-05-09T18:16:30Z,2022-05-09T18:11:59Z,2022-05-09T18:16:30Z,{'enhancement'}
[Bug] Unable to update private events to public,bmcilw1,{'alexangc'},1405,https://github.com/weiks/esports-backend/issues/1405,CLOSED,2022-05-06T18:22:20Z,2022-05-06T14:53:40Z,2022-05-06T18:22:20Z,{'bug'}
Unity SDK - Friction point - User must login again when accessing /buy endpoint,unitydevelopers-greg,set(),1296,https://github.com/weiks/esports-backend/issues/1296,OPEN,,2022-04-26T15:01:57Z,2022-05-06T14:26:18Z,{'enhancement'}
Unity SDK - Allow transfering same credit and debit adresses transfer,unitydevelopers-greg,{'alexangc'},1319,https://github.com/weiks/esports-backend/issues/1319,CLOSED,2022-05-06T14:08:18Z,2022-04-27T14:14:45Z,2022-05-06T14:08:34Z,{'enhancement'}
Create a simple HTML page that says go to poq.gg,Mathspy,"{'CarlosViller', 'alexangc'}",1402,https://github.com/weiks/esports-backend/issues/1402,CLOSED,2022-05-06T14:05:39Z,2022-05-05T14:15:52Z,2022-05-06T14:05:39Z,set()
"Re-implement the ""Search"" feature on the event's page",alexangc,"{'alexangc', 'bmcilw1'}",1375,https://github.com/weiks/esports-backend/issues/1375,CLOSED,2022-05-05T16:31:47Z,2022-05-02T13:20:22Z,2022-05-06T13:19:34Z,{'enhancement'}
Import app creation panel from old domain,alexangc,{'alexangc'},963,https://github.com/weiks/esports-backend/issues/963,OPEN,,2022-02-16T13:32:33Z,2022-05-05T17:20:03Z,"{'cleanup', 'enhancement'}"
Replace Buy button via Terminal3 with `checkout.com`,bmcilw1,"{'Mathspy', 'bmcilw1'}",952,https://github.com/weiks/esports-backend/issues/952,CLOSED,2022-05-05T14:21:41Z,2022-02-11T19:10:08Z,2022-05-05T14:21:42Z,{'good for newcomers'}
[Bug] Host rematch request fail,gonzalovelasco,{'gonzalovelasco'},1366,https://github.com/weiks/esports-backend/issues/1366,CLOSED,2022-05-05T13:55:15Z,2022-04-29T13:57:11Z,2022-05-05T13:55:15Z,{'bug'}
[Hotfix] Turn Off Hourly QBonus,bmcilw1,"{'paulofer85', 'Mathspy'}",1381,https://github.com/weiks/esports-backend/issues/1381,CLOSED,2022-05-05T13:40:08Z,2022-05-02T19:12:05Z,2022-05-05T13:40:08Z,{'cleanup'}
[Bug] Events with 1 team member (and 100 teams) can share a join team link,paulofer85,{'paulofer85'},1365,https://github.com/weiks/esports-backend/issues/1365,CLOSED,2022-05-04T20:42:05Z,2022-04-29T13:24:13Z,2022-05-04T20:42:05Z,{'bug'}
Revisit deployment stages,bmcilw1,"{'Mathspy', 'weiks', 'alexangc'}",994,https://github.com/weiks/esports-backend/issues/994,CLOSED,2022-05-04T14:37:59Z,2022-02-25T23:02:49Z,2022-05-04T14:37:59Z,"{'good for newcomers', 'help wanted', 'cleanup'}"
Prep Q2s and the BSC-Klayton bridge for public use,bmcilw1,{'NirajBhattarai'},999,https://github.com/weiks/esports-backend/issues/999,CLOSED,2022-05-04T14:30:23Z,2022-02-28T19:15:10Z,2022-05-04T14:30:23Z,{'cleanup'}
Transient errors in `npm run test:frontend`,alexangc,set(),941,https://github.com/weiks/esports-backend/issues/941,OPEN,,2022-02-09T18:53:11Z,2022-05-04T14:16:03Z,"{'good for newcomers', 'bug', 'cleanup'}"
Address Klay bleed-out due to Klaytn's pricing changes,alexangc,"{'Mathspy', 'alexangc', 'bmcilw1'}",1291,https://github.com/weiks/esports-backend/issues/1291,CLOSED,2022-05-04T14:15:47Z,2022-04-26T07:08:07Z,2022-05-04T14:15:47Z,"{'help wanted', 'enhancement'}"
[Bug] Brackets display is full broken,alexangc,"{'paulofer85', 'CarlosViller', 'gonzalovelasco'}",1379,https://github.com/weiks/esports-backend/issues/1379,CLOSED,2022-05-04T09:29:02Z,2022-05-02T17:05:57Z,2022-05-04T09:29:02Z,{'bug'}
[Bug] Investigate error met in event migration; `3 INVALID_ARGUMENT: too many index entries for entity`,alexangc,"{'Mathspy', 'alexangc'}",1347,https://github.com/weiks/esports-backend/issues/1347,CLOSED,2022-05-03T17:42:25Z,2022-04-28T10:05:59Z,2022-05-03T17:42:25Z,{'bug'}
[Cleanup] Fix Oauth's `/events` endpoint,alexangc,set(),1330,https://github.com/weiks/esports-backend/issues/1330,OPEN,,2022-04-27T16:38:57Z,2022-05-03T15:08:09Z,{'cleanup'}
Post-migration: Re-add search in participants tab,SinshiSmith,{'SinshiSmith'},1143,https://github.com/weiks/esports-backend/issues/1143,CLOSED,2022-05-03T14:59:20Z,2022-04-07T14:17:59Z,2022-05-03T14:59:20Z,"{'cleanup', 'enhancement'}"
"[Bug] All events are shown as ""Starting Soon""",alexangc,{'Mathspy'},1354,https://github.com/weiks/esports-backend/issues/1354,CLOSED,2022-05-03T14:50:10Z,2022-04-28T13:22:33Z,2022-05-03T14:50:10Z,{'bug'}
[Enhancement] Make daily QBonus significant and fun,bmcilw1,set(),1382,https://github.com/weiks/esports-backend/issues/1382,OPEN,,2022-05-02T19:23:24Z,2022-05-03T08:25:39Z,{'enhancement'}
"[Backend] When a host starts a POQ event with Challonge brackets, also have Challonge start their event",bmcilw1,set(),1388,https://github.com/weiks/esports-backend/issues/1388,OPEN,,2022-05-02T21:57:30Z,2022-05-02T21:57:30Z,{'enhancement'}
[Backend] Update create event to support Challonge brackets,bmcilw1,set(),1385,https://github.com/weiks/esports-backend/issues/1385,OPEN,,2022-05-02T21:13:57Z,2022-05-02T21:14:28Z,{'enhancement'}
Event Migration: Follow-ups and bugtrail,alexangc,{'alexangc'},1346,https://github.com/weiks/esports-backend/issues/1346,CLOSED,2022-05-02T17:08:53Z,2022-04-28T09:51:39Z,2022-05-02T17:23:08Z,"{'bug', 'cleanup'}"
The text of open tournaments is not visible in games with white background,CarlosViller,{'CarlosViller'},1373,https://github.com/weiks/esports-backend/issues/1373,CLOSED,2022-05-02T17:03:33Z,2022-05-02T13:01:21Z,2022-05-02T17:03:33Z,"{'bug', 'cleanup'}"
[Bug] FFA events display each player on it's own row,SinshiSmith,{'CarlosViller'},1355,https://github.com/weiks/esports-backend/issues/1355,CLOSED,2022-05-02T15:44:00Z,2022-04-28T14:47:57Z,2022-05-02T15:44:00Z,{'bug'}
[Bug] FE Ammount to pay in the event is out of container,paulofer85,{'CarlosViller'},1364,https://github.com/weiks/esports-backend/issues/1364,CLOSED,2022-05-02T15:42:55Z,2022-04-29T13:13:16Z,2022-05-02T15:42:55Z,{'bug'}
[Cleanup] Fix flaky tests,bmcilw1,set(),1287,https://github.com/weiks/esports-backend/issues/1287,CLOSED,2022-05-02T14:35:30Z,2022-04-25T20:43:19Z,2022-05-02T14:35:30Z,{'cleanup'}
[bug] Display player slots as bundle in FFA events,alexangc,set(),1376,https://github.com/weiks/esports-backend/issues/1376,CLOSED,2022-05-02T13:52:05Z,2022-05-02T13:31:11Z,2022-05-02T13:52:05Z,{'bug'}
[UX] Profile text not guaranteed to be legible on very large screens,bmcilw1,{'paulofer85'},1337,https://github.com/weiks/esports-backend/issues/1337,CLOSED,2022-04-29T15:43:17Z,2022-04-27T18:36:32Z,2022-04-29T15:43:17Z,{'bug'}
[UX] Tapping the overlay background breaks purchasing flow on mobile devices,unitydevelopers-greg,{'CarlosViller'},1301,https://github.com/weiks/esports-backend/issues/1301,CLOSED,2022-04-29T14:26:06Z,2022-04-26T15:16:50Z,2022-04-29T14:26:06Z,{'bug'}
"[Bug] Missing participants in the ""view event"" page",alexangc,"{'paulofer85', 'gonzalovelasco'}",1348,https://github.com/weiks/esports-backend/issues/1348,CLOSED,2022-04-29T12:49:17Z,2022-04-28T10:18:06Z,2022-04-29T12:49:17Z,{'bug'}
Gate entry to events,weiks,{'bmcilw1'},1362,https://github.com/weiks/esports-backend/issues/1362,OPEN,,2022-04-29T12:08:38Z,2022-04-29T12:11:49Z,{'enhancement'}
Connect with Twitter,weiks,"{'weiks', 'bmcilw1'}",1363,https://github.com/weiks/esports-backend/issues/1363,OPEN,,2022-04-29T12:11:01Z,2022-04-29T12:11:02Z,{'enhancement'}
[Bug] Fix e2e tests failing randomly,alexangc,set(),1326,https://github.com/weiks/esports-backend/issues/1326,OPEN,,2022-04-27T16:19:43Z,2022-04-29T08:19:03Z,"{'bug', 'cleanup'}"
[Bug] The join bar controls are duplicated,bmcilw1,{'Mathspy'},1306,https://github.com/weiks/esports-backend/issues/1306,CLOSED,2022-04-28T20:30:58Z,2022-04-26T17:52:56Z,2022-04-28T20:30:58Z,{'bug'}
"[Bug] Missing ""featured games"" header in the front-page",alexangc,{'gonzalovelasco'},1349,https://github.com/weiks/esports-backend/issues/1349,CLOSED,2022-04-28T20:06:41Z,2022-04-28T10:27:36Z,2022-04-28T20:06:41Z,{'bug'}
[UX] Make buy button just a little smaller,bmcilw1,{'paulofer85'},1336,https://github.com/weiks/esports-backend/issues/1336,CLOSED,2022-04-28T19:46:03Z,2022-04-27T18:28:39Z,2022-04-28T19:46:03Z,{'enhancement'}
[UX] Fix discord button overlap. Discord button should always be on top,bmcilw1,{'CarlosViller'},1344,https://github.com/weiks/esports-backend/issues/1344,CLOSED,2022-04-28T17:01:44Z,2022-04-27T21:00:17Z,2022-04-28T17:01:44Z,{'bug'}
Unity SDK - Prevent showing additional popups during purchasing,unitydevelopers-greg,{'CarlosViller'},1302,https://github.com/weiks/esports-backend/issues/1302,CLOSED,2022-04-28T14:01:22Z,2022-04-26T15:20:43Z,2022-04-28T14:01:22Z,{'enhancement'}
[UX] Let hosts create events without VIP fees,alexangc,{'SinshiSmith'},1352,https://github.com/weiks/esports-backend/issues/1352,CLOSED,2022-04-28T13:49:02Z,2022-04-28T13:07:59Z,2022-04-28T13:49:02Z,{'bug'}
Event Migration: Data migration,alexangc,{'alexangc'},1229,https://github.com/weiks/esports-backend/issues/1229,CLOSED,2022-04-28T09:57:29Z,2022-04-20T09:43:46Z,2022-04-28T10:42:30Z,set()
Event Migration: Front end,SinshiSmith,"{'gonzalovelasco', 'SinshiSmith'}",946,https://github.com/weiks/esports-backend/issues/946,CLOSED,2022-04-28T09:58:42Z,2022-02-10T14:55:59Z,2022-04-28T09:58:43Z,set()
Event Migration: Backend,alexangc,"{'paulofer85', 'gonzalovelasco', 'alexangc'}",962,https://github.com/weiks/esports-backend/issues/962,CLOSED,2022-04-28T09:56:08Z,2022-02-16T12:41:03Z,2022-04-28T09:56:08Z,set()
Event Migration: Wrapping up,alexangc,"{'Mathspy', 'SinshiSmith', 'alexangc'}",1175,https://github.com/weiks/esports-backend/issues/1175,CLOSED,2022-04-28T09:52:08Z,2022-04-13T13:11:29Z,2022-04-28T09:52:53Z,set()
"[Bug] Error ""acquireLock took too long"" on create event ",gonzalovelasco,{'gonzalovelasco'},1331,https://github.com/weiks/esports-backend/issues/1331,CLOSED,2022-04-27T19:48:04Z,2022-04-27T17:28:41Z,2022-04-27T19:48:04Z,{'bug'}
[UX] Buy Quarters button not easily visible on profile page,bmcilw1,{'paulofer85'},1335,https://github.com/weiks/esports-backend/issues/1335,CLOSED,2022-04-27T19:30:30Z,2022-04-27T18:26:49Z,2022-04-27T19:30:30Z,{'bug'}
[Bug] Firebase Query requires and index on Games filter by platform/region/tag,gonzalovelasco,set(),1332,https://github.com/weiks/esports-backend/issues/1332,CLOSED,2022-04-27T18:58:01Z,2022-04-27T17:45:40Z,2022-04-27T18:58:01Z,{'bug'}
[Bug] Invalid Firebase Query on Games > Details,bmcilw1,{'Mathspy'},1304,https://github.com/weiks/esports-backend/issues/1304,CLOSED,2022-04-27T17:06:56Z,2022-04-26T17:33:34Z,2022-04-27T17:06:56Z,{'bug'}
"[Bug] Unable to edit MaxTeams, PlayersPerTeam, scrape if I delete all the numbers",bmcilw1,{'paulofer85'},1307,https://github.com/weiks/esports-backend/issues/1307,CLOSED,2022-04-27T15:41:21Z,2022-04-26T18:03:19Z,2022-04-27T15:41:21Z,{'bug'}
[Bug] Private Tournament option fails,bmcilw1,{'gonzalovelasco'},1308,https://github.com/weiks/esports-backend/issues/1308,CLOSED,2022-04-27T11:20:59Z,2022-04-26T18:31:36Z,2022-04-27T11:20:59Z,{'bug'}
[Bug] Can't read rules warning banner due to colors,bmcilw1,{'CarlosViller'},1305,https://github.com/weiks/esports-backend/issues/1305,CLOSED,2022-04-26T19:18:17Z,2022-04-26T17:46:41Z,2022-04-26T19:18:17Z,{'bug'}
NFT data access via API,weiks,"{'NirajBhattarai', 'bmcilw1'}",1310,https://github.com/weiks/esports-backend/issues/1310,OPEN,,2022-04-26T18:38:10Z,2022-04-26T18:38:28Z,{'enhancement'}
[Bug] Go Vip button is appearing always,gonzalovelasco,"{'paulofer85', 'gonzalovelasco'}",1293,https://github.com/weiks/esports-backend/issues/1293,CLOSED,2022-04-26T16:54:38Z,2022-04-26T13:39:31Z,2022-04-26T16:54:38Z,{'bug'}
[Bug] Stay button is throwing error,gonzalovelasco,set(),1284,https://github.com/weiks/esports-backend/issues/1284,CLOSED,2022-04-26T15:00:45Z,2022-04-25T17:55:55Z,2022-04-26T15:00:45Z,{'bug'}
[Bug] Incomplete Invite Link on new-migration,CarlosViller,set(),1280,https://github.com/weiks/esports-backend/issues/1280,CLOSED,2022-04-25T20:28:46Z,2022-04-25T16:36:21Z,2022-04-25T20:28:47Z,{'bug'}
[Bug] Switch to a new team is failing,gonzalovelasco,set(),1282,https://github.com/weiks/esports-backend/issues/1282,CLOSED,2022-04-25T19:25:50Z,2022-04-25T16:56:12Z,2022-04-25T19:25:50Z,{'bug'}
Can't sign in or log in with Discord on `new-migration`,CarlosViller,set(),1279,https://github.com/weiks/esports-backend/issues/1279,CLOSED,2022-04-25T16:05:00Z,2022-04-25T15:45:39Z,2022-04-25T16:05:01Z,{'bug'}
[Workaround] Deploy to Heroku without Github OAuth,bmcilw1,{'bmcilw1'},1277,https://github.com/weiks/esports-backend/issues/1277,CLOSED,2022-04-25T16:04:54Z,2022-04-25T14:44:02Z,2022-04-25T16:04:55Z,set()
BUG: TeamName Dialog does not appear for single-member teams in `new-migration`,bmcilw1,{'bmcilw1'},1270,https://github.com/weiks/esports-backend/issues/1270,CLOSED,2022-04-22T21:44:09Z,2022-04-22T21:09:48Z,2022-04-22T21:44:09Z,{'bug'}
Bug - new migration : Wallet fails while joining a team,paulofer85,set(),1256,https://github.com/weiks/esports-backend/issues/1256,CLOSED,2022-04-22T21:31:01Z,2022-04-21T21:18:25Z,2022-04-22T21:31:01Z,{'bug'}
BUG: switchTeam has a bug with userCaptian on a team of one `new-migration`,bmcilw1,{'gonzalovelasco'},1255,https://github.com/weiks/esports-backend/issues/1255,CLOSED,2022-04-22T18:36:57Z,2022-04-21T21:06:02Z,2022-04-22T18:36:57Z,{'bug'}
[Bug] Transient error with pickWinner's backend tests,alexangc,set(),1227,https://github.com/weiks/esports-backend/issues/1227,CLOSED,2022-04-22T13:56:27Z,2022-04-20T09:12:35Z,2022-04-22T13:56:42Z,{'bug'}
Bad request when trying cancel or rematch an event,CarlosViller,{'CarlosViller'},1191,https://github.com/weiks/esports-backend/issues/1191,CLOSED,2022-04-20T13:59:01Z,2022-04-15T11:56:10Z,2022-04-20T13:59:01Z,set()
Bug: Missing Firebase index in `new-migration`,bmcilw1,"{'gonzalovelasco', 'Mathspy', 'alexangc'}",1185,https://github.com/weiks/esports-backend/issues/1185,CLOSED,2022-04-20T13:58:36Z,2022-04-14T19:59:28Z,2022-04-20T13:58:36Z,{'bug'}
Trying to create an event with excessive teams throw poorly descriptive error,CarlosViller,{'CarlosViller'},1192,https://github.com/weiks/esports-backend/issues/1192,CLOSED,2022-04-19T19:46:57Z,2022-04-15T13:42:55Z,2022-04-19T19:46:58Z,set()
[Creating a team on new event] Cannot read properties of undefined (reading 'id'),paulofer85,set(),1188,https://github.com/weiks/esports-backend/issues/1188,CLOSED,2022-04-19T14:22:03Z,2022-04-14T21:08:26Z,2022-04-19T16:47:10Z,set()
[Changing event image] TypeError: Cannot read properties of null (reading 'substring'),paulofer85,set(),1187,https://github.com/weiks/esports-backend/issues/1187,CLOSED,2022-04-19T14:22:47Z,2022-04-14T21:02:36Z,2022-04-19T14:22:47Z,set()
[Bug] Fix Firebase Cloud Messaging notifications,alexangc,{'alexangc'},1219,https://github.com/weiks/esports-backend/issues/1219,OPEN,,2022-04-19T13:07:38Z,2022-04-19T13:07:38Z,{'bug'}
`DualToneButton` button is displayed as two different buttons,Mathspy,{'SinshiSmith'},1206,https://github.com/weiks/esports-backend/issues/1206,OPEN,,2022-04-18T15:58:56Z,2022-04-19T01:09:43Z,set()
Tech diligence on L2 options,weiks,"{'NirajBhattarai', 'bmcilw1'}",1084,https://github.com/weiks/esports-backend/issues/1084,OPEN,,2022-03-27T17:25:05Z,2022-04-18T14:26:58Z,{'enhancement'}
Admin tool to administer new games,weiks,{'bmcilw1'},1200,https://github.com/weiks/esports-backend/issues/1200,OPEN,,2022-04-16T19:38:24Z,2022-04-17T13:25:10Z,{'enhancement'}
Bug: Unsupported query in featured event filtering on HomePage.js `new-migration`,bmcilw1,"{'gonzalovelasco', 'Mathspy', 'bmcilw1'}",1179,https://github.com/weiks/esports-backend/issues/1179,CLOSED,2022-04-14T17:46:36Z,2022-04-13T21:19:04Z,2022-04-14T17:46:36Z,{'bug'}
Error creating an event in new model,gonzalovelasco,"{'SinshiSmith', 'alexangc'}",1162,https://github.com/weiks/esports-backend/issues/1162,CLOSED,2022-04-12T10:50:18Z,2022-04-11T19:37:43Z,2022-04-12T10:50:18Z,{'bug'}
Ladder for direct wagering competitions ,Mathspy,"{'Mathspy', 'SinshiSmith', 'bmcilw1'}",1021,https://github.com/weiks/esports-backend/issues/1021,CLOSED,2022-04-11T19:35:38Z,2022-03-10T21:07:26Z,2022-04-11T19:35:38Z,{'enhancement'}
[Bug] Firebase mock seems to mistakenly overwrite db changes,alexangc,set(),1149,https://github.com/weiks/esports-backend/issues/1149,OPEN,,2022-04-08T17:31:05Z,2022-04-11T13:31:53Z,{'bug'}
Tutorial resources for game developers,weiks,{'bmcilw1'},1156,https://github.com/weiks/esports-backend/issues/1156,OPEN,,2022-04-11T13:17:12Z,2022-04-11T13:17:12Z,{'enhancement'}
[qBot] Prepare for API update and cleanup commands,alexangc,set(),1145,https://github.com/weiks/esports-backend/issues/1145,OPEN,,2022-04-07T16:52:33Z,2022-04-07T16:54:33Z,"{'bug', 'cleanup', 'enhancement'}"
POQ Leaderboard & ladders,weiks,{'bmcilw1'},1141,https://github.com/weiks/esports-backend/issues/1141,OPEN,,2022-04-07T00:34:38Z,2022-04-07T00:34:38Z,{'enhancement'}
NFT marketplace / Steam Inventory Service,weiks,"{'NirajBhattarai', 'bmcilw1'}",1140,https://github.com/weiks/esports-backend/issues/1140,OPEN,,2022-04-07T00:20:17Z,2022-04-07T00:21:43Z,{'enhancement'}
EventFooter (PR 3/17 merged by 3/21). Acutal - PR opened 3/23,bmcilw1,set(),1132,https://github.com/weiks/esports-backend/issues/1132,CLOSED,2022-04-06T18:20:56Z,2022-04-06T14:57:30Z,2022-04-06T18:20:56Z,set()
Debugging on VScode the test case 'returns all quarters spent on the event back to the kicked player' fails because is slow ,paulofer85,set(),1136,https://github.com/weiks/esports-backend/issues/1136,OPEN,,2022-04-06T17:47:14Z,2022-04-06T17:55:51Z,set()
Remove unwanted log output from the tests,alexangc,{'bmcilw1'},954,https://github.com/weiks/esports-backend/issues/954,CLOSED,2022-04-06T08:43:21Z,2022-02-14T10:50:40Z,2022-04-06T08:43:21Z,"{'good for newcomers', 'cleanup', 'interview'}"
Convert brackets module (Alex -- Convert brackets module&nbsp;#1115);,bmcilw1,set(),1119,https://github.com/weiks/esports-backend/issues/1119,CLOSED,2022-04-06T08:38:50Z,2022-04-04T14:31:40Z,2022-04-06T08:38:50Z,set()
"[Bug] Invalid amounts displayed in the ""Pick Winner"" panel",alexangc,"{'P3NGUIN1', 'bmcilw1'}",1048,https://github.com/weiks/esports-backend/issues/1048,CLOSED,2022-04-05T20:16:59Z,2022-03-17T10:05:02Z,2022-04-05T20:16:59Z,{'bug'}
Determine how to deal with backend operations depending on Quarters transfers,alexangc,set(),1106,https://github.com/weiks/esports-backend/issues/1106,CLOSED,2022-03-31T19:31:29Z,2022-03-31T15:15:24Z,2022-03-31T19:31:29Z,{'help wanted'}
Sign up flow in app for purchase users,weiks,{'bmcilw1'},1092,https://github.com/weiks/esports-backend/issues/1092,OPEN,,2022-03-28T20:15:26Z,2022-03-29T19:41:18Z,{'enhancement'}
Improvements for developers of native Quarters games / App Page,weiks,set(),1090,https://github.com/weiks/esports-backend/issues/1090,OPEN,,2022-03-28T20:10:19Z,2022-03-29T18:56:24Z,{'enhancement'}
[Exploit fix] `switchTeam` spamming to get multiple refunds from `vipDowngrade`,alexangc,set(),1037,https://github.com/weiks/esports-backend/issues/1037,OPEN,,2022-03-15T18:25:02Z,2022-03-29T18:55:27Z,set()
EventPage: Cleanup state hooks (after event migration),adrach,set(),1020,https://github.com/weiks/esports-backend/issues/1020,OPEN,,2022-03-10T16:16:46Z,2022-03-29T18:30:05Z,{'cleanup'}
Purchase flow for native apps when there may be multiple users on the same PC,weiks,{'bmcilw1'},1093,https://github.com/weiks/esports-backend/issues/1093,CLOSED,2022-03-29T18:29:03Z,2022-03-28T20:17:50Z,2022-03-29T18:29:03Z,"{'help wanted', 'enhancement'}"
Add rate limit to API,weiks,{'bmcilw1'},1095,https://github.com/weiks/esports-backend/issues/1095,OPEN,,2022-03-28T20:47:18Z,2022-03-29T18:15:38Z,{'enhancement'}
Discord command for removing creator's access,ajcooper99,{'ajcooper99'},1078,https://github.com/weiks/esports-backend/issues/1078,OPEN,,2022-03-24T21:45:53Z,2022-03-29T18:04:26Z,"{'good for newcomers', 'enhancement'}"
Endpoint: Does event exist?,weiks,{'bmcilw1'},1096,https://github.com/weiks/esports-backend/issues/1096,OPEN,,2022-03-28T20:48:50Z,2022-03-29T18:04:11Z,{'enhancement'}
Create discord command for updating user emails,ajcooper99,{'ajcooper99'},1014,https://github.com/weiks/esports-backend/issues/1014,CLOSED,2022-03-29T17:47:08Z,2022-03-04T20:01:11Z,2022-03-29T17:47:08Z,"{'good for newcomers', 'enhancement'}"
Quick win for login UX,weiks,"{'paulofer85', 'gonzalovelasco', 'bmcilw1'}",1086,https://github.com/weiks/esports-backend/issues/1086,CLOSED,2022-03-29T15:16:32Z,2022-03-27T20:45:58Z,2022-03-29T15:16:32Z,"{'good for newcomers', 'enhancement'}"
Triage the requests and questions in the discord,weiks,{'bmcilw1'},1085,https://github.com/weiks/esports-backend/issues/1085,CLOSED,2022-03-28T20:50:14Z,2022-03-27T18:22:18Z,2022-03-28T20:50:14Z,{'enhancement'}
List native games on the homepage,weiks,"{'weiks', 'bmcilw1'}",1091,https://github.com/weiks/esports-backend/issues/1091,OPEN,,2022-03-28T20:12:46Z,2022-03-28T20:12:46Z,{'enhancement'}
[Process] Define Project Management and Dev Process and Tooling,bmcilw1,{'bmcilw1'},1051,https://github.com/weiks/esports-backend/issues/1051,CLOSED,2022-03-28T17:33:55Z,2022-03-17T18:52:04Z,2022-03-28T17:33:55Z,{'help wanted'}
Use metamask as log in method,weiks,"{'NirajBhattarai', 'weiks', 'bmcilw1'}",1034,https://github.com/weiks/esports-backend/issues/1034,OPEN,,2022-03-12T19:33:47Z,2022-03-27T17:51:12Z,{'enhancement'}
Admins should be able to create & edit games,weiks,"{'SinshiSmith', 'bmcilw1'}",1083,https://github.com/weiks/esports-backend/issues/1083,OPEN,,2022-03-26T00:36:15Z,2022-03-26T00:36:15Z,{'enhancement'}
[Bug] Some player(s) did not receive 200 free Quarters on sign up,bmcilw1,{'bmcilw1'},1070,https://github.com/weiks/esports-backend/issues/1070,CLOSED,2022-03-23T19:45:13Z,2022-03-23T18:34:04Z,2022-03-23T19:45:13Z,{'bug'}
Use a proper documentation framework,alexangc,"{'SinshiSmith', 'NirajBhattarai', 'alexangc', 'bmcilw1'}",968,https://github.com/weiks/esports-backend/issues/968,OPEN,,2022-02-17T08:33:51Z,2022-03-23T14:07:34Z,"{'good for newcomers', 'interview', 'enhancement'}"
Active terminal3 subscriptions,Mathspy,set(),1060,https://github.com/weiks/esports-backend/issues/1060,CLOSED,2022-03-22T16:25:29Z,2022-03-22T14:37:12Z,2022-03-22T16:25:29Z,set()
[Bug] Found Quarters tx document in Firestore with string value for `details.amount`,alexangc,set(),1054,https://github.com/weiks/esports-backend/issues/1054,OPEN,,2022-03-18T12:59:47Z,2022-03-21T15:19:02Z,{'bug'}
[Bug] Redis lock on wallet keeps being refreshed without new transaction request,alexangc,"{'alexangc', 'bmcilw1'}",1047,https://github.com/weiks/esports-backend/issues/1047,CLOSED,2022-03-21T15:05:19Z,2022-03-17T09:25:59Z,2022-03-21T15:05:21Z,{'bug'}
Extract a list of players that abused the `switchTeam` exploit,alexangc,{'alexangc'},1042,https://github.com/weiks/esports-backend/issues/1042,CLOSED,2022-03-21T14:55:36Z,2022-03-16T10:41:01Z,2022-03-21T14:56:07Z,{'cleanup'}
Tests: Fix confusion inducing setup holes,alexangc,{'alexangc'},924,https://github.com/weiks/esports-backend/issues/924,OPEN,,2022-02-03T20:48:08Z,2022-03-17T10:52:51Z,{'cleanup'}
Bug: Investigate 22 hr gap in Klaytn transactions on 3/11 with the event wallet,bmcilw1,{'alexangc'},1040,https://github.com/weiks/esports-backend/issues/1040,CLOSED,2022-03-16T09:22:26Z,2022-03-15T22:51:15Z,2022-03-16T09:45:58Z,{'bug'}
[Debug] Transactions stopped for about 22h between the 11th and 12th 03/2022,alexangc,{'alexangc'},1038,https://github.com/weiks/esports-backend/issues/1038,CLOSED,2022-03-15T18:49:13Z,2022-03-15T18:48:43Z,2022-03-15T18:49:21Z,set()
CI Checks failing after updating implementing config management,onebricktech,set(),1003,https://github.com/weiks/esports-backend/issues/1003,CLOSED,2022-03-14T19:44:42Z,2022-03-02T14:07:41Z,2022-03-14T19:44:42Z,set()
Audit: Fully describe the current authentication/authorization strategies as implemented and their side effects,bmcilw1,"{'Mathspy', 'alexangc', 'bmcilw1'}",1028,https://github.com/weiks/esports-backend/issues/1028,CLOSED,2022-03-11T22:30:56Z,2022-03-11T15:10:28Z,2022-03-11T22:30:56Z,{'help wanted'}
Need realtime alert system in place,adrach,set(),1011,https://github.com/weiks/esports-backend/issues/1011,OPEN,,2022-03-03T19:48:54Z,2022-03-04T16:13:02Z,"{'good for newcomers', 'cleanup', 'enhancement'}"
Evaluate Tilia vs `checkout.com` for a payment provider,bmcilw1,"{'weiks', 'bmcilw1'}",996,https://github.com/weiks/esports-backend/issues/996,CLOSED,2022-02-28T23:35:23Z,2022-02-28T16:34:09Z,2022-02-28T23:35:23Z,set()
"UX: Dashboard - consider adding a ""NOW"" Feature",bmcilw1,set(),928,https://github.com/weiks/esports-backend/issues/928,CLOSED,2022-02-28T23:29:46Z,2022-02-04T20:38:03Z,2022-02-28T23:29:46Z,{'enhancement'}
[Draft - Dev request]  Improve buying flow,alexangc,set(),970,https://github.com/weiks/esports-backend/issues/970,OPEN,,2022-02-17T14:55:19Z,2022-02-28T23:28:55Z,"{'help wanted', 'enhancement'}"
Bug: Prevent duplicate event creation,alexangc,{'alexangc'},925,https://github.com/weiks/esports-backend/issues/925,CLOSED,2022-02-28T23:27:17Z,2022-02-04T09:12:23Z,2022-02-28T23:27:17Z,{'bug'}
MILESTONE: Quarters NFT Support,bmcilw1,"{'NirajBhattarai', 'bmcilw1'}",930,https://github.com/weiks/esports-backend/issues/930,CLOSED,2022-02-28T20:44:43Z,2022-02-07T22:19:09Z,2022-02-28T20:44:43Z,set()
Backend migration project - progress,alexangc,set(),998,https://github.com/weiks/esports-backend/issues/998,CLOSED,2022-02-28T17:20:20Z,2022-02-28T17:19:00Z,2022-02-28T17:20:20Z,set()
Add additional missing routes needed to use NFTs,bmcilw1,{'NirajBhattarai'},960,https://github.com/weiks/esports-backend/issues/960,CLOSED,2022-02-25T23:30:02Z,2022-02-15T15:52:23Z,2022-02-25T23:30:02Z,set()
Feature: Simplify buy page to track and attribute purchases within individual games,bmcilw1,{'bmcilw1'},965,https://github.com/weiks/esports-backend/issues/965,CLOSED,2022-02-25T19:59:49Z,2022-02-16T16:50:13Z,2022-02-25T19:59:49Z,"{'good for newcomers', 'enhancement'}"
Daily _standup_ methodology,alexangc,"{'SinshiSmith', 'weiks', 'bmcilw1'}",976,https://github.com/weiks/esports-backend/issues/976,CLOSED,2022-02-22T15:56:23Z,2022-02-18T10:36:24Z,2022-02-22T15:56:23Z,{'help wanted'}
Separate API and File Servers,bmcilw1,set(),975,https://github.com/weiks/esports-backend/issues/975,OPEN,,2022-02-17T23:42:06Z,2022-02-18T10:08:26Z,{'cleanup'}
Master wallets monitoring,alexangc,set(),951,https://github.com/weiks/esports-backend/issues/951,OPEN,,2022-02-11T11:01:30Z,2022-02-14T21:16:37Z,{'enhancement'}
UX: Consider adding a bit more text in a couple of key places AND Some bugs in info sites,bmcilw1,{'weiks'},926,https://github.com/weiks/esports-backend/issues/926,CLOSED,2022-02-14T20:52:54Z,2022-02-04T19:43:24Z,2022-02-14T20:52:54Z,"{'bug', 'enhancement'}"
Transcient error in backend tests,alexangc,set(),940,https://github.com/weiks/esports-backend/issues/940,CLOSED,2022-02-10T09:21:14Z,2022-02-09T18:51:18Z,2022-02-10T09:21:14Z,set()
Create Getting Started steps for onboarding,bmcilw1,set(),913,https://github.com/weiks/esports-backend/issues/913,CLOSED,2022-02-09T20:05:43Z,2022-01-31T21:29:52Z,2022-02-09T20:05:43Z,{'enhancement'}
API Design for createNft,bmcilw1,set(),912,https://github.com/weiks/esports-backend/issues/912,CLOSED,2022-02-09T14:19:23Z,2022-01-31T21:21:57Z,2022-02-09T14:19:24Z,set()
Add max runtimes for Github Actions,bmcilw1,set(),922,https://github.com/weiks/esports-backend/issues/922,CLOSED,2022-02-03T20:10:21Z,2022-02-03T19:22:34Z,2022-02-03T20:10:21Z,set()
[Airbrake] [Production] Cannot set headers after they are sent to the client,weiks,set(),338,https://github.com/weiks/esports-backend/issues/338,CLOSED,2022-01-31T12:56:56Z,2020-12-29T16:23:59Z,2022-01-31T12:56:56Z,set()
Setup Airbrake for your JavaScript application,weiks,set(),1,https://github.com/weiks/esports-backend/issues/1,CLOSED,2022-01-31T12:56:53Z,2019-08-23T12:47:58Z,2022-01-31T12:56:53Z,set()
[Airbrake] [Production] 10 ABORTED: The referenced transaction has expired or is no longer valid.,weiks,{'Mathspy'},527,https://github.com/weiks/esports-backend/issues/527,CLOSED,2021-03-31T14:43:40Z,2021-03-11T08:16:28Z,2021-03-31T14:43:40Z,set()
[Airbrake] [Production] Cannot read property 'tag' of undefined,weiks,set(),392,https://github.com/weiks/esports-backend/issues/392,CLOSED,2021-01-23T20:47:12Z,2021-01-23T17:12:17Z,2021-01-23T20:47:12Z,set()
"[Airbrake] [Production] Value for argument ""documentPath"" is not a valid resource path. Path must be a non-empty string.",weiks,set(),391,https://github.com/weiks/esports-backend/issues/391,CLOSED,2021-01-23T20:38:37Z,2021-01-23T16:48:08Z,2021-01-23T20:38:37Z,set()
"[Airbrake] [Production] Channel closed by server: 403 (ACCESS-REFUSED) with message ""ACCESS_REFUSED - access to exchange 'amq.default' in vhost 'poyztuth' refused for user 'poyztuth'""",weiks,set(),334,https://github.com/weiks/esports-backend/issues/334,CLOSED,2020-12-29T19:42:18Z,2020-12-29T09:12:59Z,2020-12-29T19:42:18Z,set()
[Solved] The 'End Scrim' button doesn't work anymore.,alexangc,set(),29,https://github.com/weiks/esports-backend/issues/29,CLOSED,2020-04-05T16:38:13Z,2020-04-05T09:22:56Z,2020-04-05T16:38:14Z,{'bug'}
